id,Gender,Age,Driving_License,Region_Code,Previously_Insured,Vehicle_Age,Vehicle_Damage,Annual_Premium,Policy_Sales_Channel,Vintage,Response
1,Male,44,1,28,0,> 2 Years,Yes,40454,26,217,1
2,Male,76,1,3,0,1-2 Year,No,33536,26,183,0
3,Male,47,1,28,0,> 2 Years,Yes,38294,26,27,1
4,Male,21,1,11,1,< 1 Year,No,28619,152,203,0
5,Female,29,1,41,1,< 1 Year,No,27496,152,39,0
6,Female,24,1,33,0,< 1 Year,Yes,2630,160,176,0
7,Male,23,1,11,0,< 1 Year,Yes,23367,152,249,0
8,Female,56,1,28,0,1-2 Year,Yes,32031,26,72,1
9,Female,24,1,3,1,< 1 Year,No,27619,152,28,0
10,Female,32,1,6,1,< 1 Year,No,28771,152,80,0
11,Female,47,1,35,0,1-2 Year,Yes,47576,124,46,1
12,Female,24,1,50,1,< 1 Year,No,48699,152,289,0
13,Female,41,1,15,1,1-2 Year,No,31409,14,221,0
14,Male,76,1,28,0,1-2 Year,Yes,36770,13,15,0
15,Male,71,1,28,1,1-2 Year,No,46818,30,58,0
16,Male,37,1,6,0,1-2 Year,Yes,2630,156,147,1
17,Female,25,1,45,0,< 1 Year,Yes,26218,160,256,0
18,Female,25,1,35,1,< 1 Year,No,46622,152,299,0
19,Male,42,1,28,0,1-2 Year,Yes,33667,124,158,0
20,Female,60,1,33,0,1-2 Year,Yes,32363,124,102,1
21,Male,65,1,28,0,1-2 Year,Yes,41184,124,116,0
22,Male,49,1,28,0,1-2 Year,Yes,50791,124,177,0
23,Male,23,1,50,1,< 1 Year,No,45283,152,232,0
24,Male,44,1,28,0,1-2 Year,Yes,41852,163,60,0
25,Male,34,1,15,1,1-2 Year,No,38111,152,180,0
26,Female,21,1,28,1,< 1 Year,No,61964,152,72,0
27,Female,51,1,28,0,1-2 Year,Yes,38341,124,49,1
28,Male,26,1,6,1,< 1 Year,No,19135,152,57,0
29,Female,25,1,8,1,< 1 Year,No,27946,152,223,0
30,Male,57,1,11,0,1-2 Year,Yes,25679,157,232,1
31,Female,26,1,8,0,< 1 Year,No,2630,160,136,0
32,Male,79,1,28,0,1-2 Year,Yes,57444,26,222,0
33,Female,48,1,28,0,1-2 Year,Yes,36951,122,149,0
34,Female,24,1,36,0,< 1 Year,Yes,43129,152,49,0
35,Female,32,1,30,1,< 1 Year,No,27638,152,169,0
36,Male,41,1,36,1,1-2 Year,No,30039,124,88,0
37,Male,71,1,8,1,1-2 Year,No,40903,19,253,0
38,Female,25,1,28,1,< 1 Year,No,76251,152,107,0
39,Male,45,1,8,0,1-2 Year,Yes,42297,124,264,0
40,Male,72,1,41,1,1-2 Year,No,32210,152,233,0
41,Male,30,1,30,0,< 1 Year,Yes,24550,124,45,0
42,Female,54,1,28,0,1-2 Year,No,38560,122,184,0
43,Male,27,1,41,0,< 1 Year,No,21078,152,251,0
44,Female,38,1,35,1,1-2 Year,No,2630,152,153,0
45,Female,26,1,30,1,< 1 Year,No,31136,152,186,0
46,Male,56,1,28,0,1-2 Year,Yes,34617,124,71,0
47,Female,29,1,15,1,< 1 Year,No,32923,152,34,0
48,Male,51,1,26,1,1-2 Year,No,33761,22,83,0
49,Female,25,1,15,0,< 1 Year,No,38667,152,12,0
50,Male,48,1,3,0,1-2 Year,No,38233,124,246,0
51,Female,22,1,50,0,< 1 Year,No,15052,152,141,0
52,Male,22,1,16,0,< 1 Year,Yes,30673,152,216,0
53,Female,49,1,3,1,1-2 Year,No,25553,152,130,0
54,Male,78,1,41,1,1-2 Year,No,49491,26,282,0
55,Female,44,1,28,0,1-2 Year,Yes,45415,13,73,0
56,Female,20,1,47,0,< 1 Year,Yes,25380,160,171,0
57,Male,39,1,28,0,1-2 Year,Yes,57582,26,141,0
58,Male,54,1,28,0,1-2 Year,Yes,25205,26,283,1
59,Female,62,1,48,0,1-2 Year,Yes,2630,15,295,0
60,Male,29,1,3,1,< 1 Year,No,35463,152,165,0
61,Male,49,1,8,0,1-2 Year,Yes,2630,156,30,0
62,Female,20,1,50,0,< 1 Year,Yes,36615,160,218,0
63,Female,62,1,28,0,> 2 Years,Yes,33830,26,130,0
64,Male,58,1,19,1,1-2 Year,No,39661,26,141,0
65,Male,39,1,15,0,1-2 Year,Yes,37849,124,22,0
66,Female,59,1,30,0,1-2 Year,Yes,34426,26,147,0
67,Male,41,1,28,0,1-2 Year,Yes,42268,154,36,0
68,Male,60,1,28,0,1-2 Year,Yes,66338,124,73,0
69,Male,63,1,28,1,1-2 Year,No,61739,124,79,0
70,Female,50,1,41,0,1-2 Year,Yes,2630,26,81,1
71,Male,44,1,47,0,1-2 Year,Yes,46481,16,100,0
72,Female,27,1,11,0,< 1 Year,Yes,34587,26,63,0
73,Female,23,1,39,1,< 1 Year,No,40372,152,242,0
74,Male,50,1,28,1,1-2 Year,No,27784,26,277,0
75,Male,59,1,23,0,1-2 Year,No,27865,124,39,0
76,Female,59,1,26,1,1-2 Year,No,35649,122,136,0
77,Male,67,1,28,1,1-2 Year,No,31993,122,61,0
78,Female,27,1,33,1,< 1 Year,No,35512,152,111,0
79,Male,29,1,28,0,1-2 Year,Yes,42567,26,167,1
80,Male,77,1,37,1,1-2 Year,No,40651,124,183,0
81,Male,54,1,26,0,1-2 Year,Yes,35493,22,74,0
82,Female,28,1,28,1,< 1 Year,No,38529,152,235,0
83,Female,39,1,8,1,1-2 Year,No,34735,152,131,0
84,Female,39,1,5,0,1-2 Year,Yes,31760,26,141,0
85,Male,69,1,28,0,1-2 Year,Yes,29802,122,158,0
86,Female,21,1,17,0,< 1 Year,Yes,27756,160,243,0
87,Female,54,1,47,0,> 2 Years,Yes,32873,26,248,0
88,Male,25,1,23,0,< 1 Year,Yes,23537,152,58,0
89,Female,23,1,35,1,< 1 Year,No,27606,160,114,0
90,Female,20,1,36,0,< 1 Year,Yes,46275,160,281,1
91,Female,25,1,50,1,< 1 Year,No,31556,152,62,0
92,Female,26,1,30,1,< 1 Year,No,31791,152,189,0
93,Male,77,1,28,0,1-2 Year,Yes,36099,124,139,0
94,Female,28,1,41,0,1-2 Year,No,2630,156,138,0
95,Female,23,1,15,0,< 1 Year,Yes,41641,152,209,0
96,Female,23,1,30,0,< 1 Year,No,26689,152,254,0
97,Male,50,1,28,0,1-2 Year,Yes,46995,52,291,0
98,Female,62,1,28,0,> 2 Years,Yes,41892,155,114,0
99,Female,21,1,2,0,< 1 Year,Yes,34274,152,79,0
100,Female,24,1,7,1,< 1 Year,Yes,2630,160,68,0
101,Male,52,1,28,1,1-2 Year,No,36033,26,92,0
102,Male,24,1,3,1,< 1 Year,No,28139,152,52,0
103,Female,20,1,30,0,< 1 Year,Yes,33227,160,78,0
104,Female,22,1,8,1,< 1 Year,No,39816,152,156,0
105,Male,29,1,41,1,< 1 Year,Yes,43046,163,222,0
106,Female,44,1,28,0,1-2 Year,Yes,50521,26,22,1
107,Female,23,1,41,1,< 1 Year,No,36674,152,158,0
108,Male,31,1,29,0,1-2 Year,Yes,28867,124,247,0
109,Male,72,1,46,1,1-2 Year,Yes,28698,30,216,0
110,Male,45,1,35,0,1-2 Year,Yes,2630,124,275,0
111,Male,27,1,8,1,< 1 Year,No,31428,122,77,0
112,Female,48,1,46,0,> 2 Years,Yes,37379,11,139,0
113,Female,33,1,30,1,< 1 Year,No,24998,152,181,0
114,Male,50,1,30,0,1-2 Year,Yes,34271,26,229,1
115,Female,28,1,30,1,< 1 Year,No,32830,152,275,0
116,Female,32,1,46,0,1-2 Year,Yes,34810,26,166,0
117,Male,69,1,46,0,1-2 Year,Yes,2630,11,16,0
118,Female,32,1,27,1,< 1 Year,No,22838,151,295,0
119,Female,23,1,29,1,< 1 Year,No,37983,152,23,0
120,Female,23,1,25,0,< 1 Year,No,2630,152,149,0
121,Male,39,1,3,0,1-2 Year,Yes,37239,26,216,1
122,Female,39,1,28,1,1-2 Year,No,37243,124,31,0
123,Male,37,1,13,0,1-2 Year,Yes,30440,124,293,0
124,Male,34,1,18,0,1-2 Year,Yes,38232,124,156,1
125,Male,23,1,15,1,< 1 Year,No,25605,160,256,0
126,Male,49,1,28,0,1-2 Year,Yes,2630,124,88,0
127,Male,23,1,41,1,< 1 Year,No,33307,152,147,0
128,Female,22,1,25,0,< 1 Year,Yes,23955,160,22,0
129,Female,22,1,20,0,< 1 Year,Yes,2630,152,219,0
130,Female,27,1,41,1,< 1 Year,No,22371,152,50,0
131,Male,50,1,28,0,1-2 Year,Yes,57389,26,155,1
132,Female,27,1,28,1,< 1 Year,No,30005,152,92,0
133,Male,28,1,37,1,< 1 Year,No,32600,152,131,0
134,Female,25,1,49,1,< 1 Year,No,31680,152,66,0
135,Female,27,1,8,1,< 1 Year,No,40651,152,260,0
136,Female,43,1,41,0,1-2 Year,Yes,2630,26,19,1
137,Female,59,1,39,0,1-2 Year,Yes,32775,124,158,0
138,Female,23,1,36,0,< 1 Year,Yes,33638,160,22,0
139,Male,36,1,28,1,1-2 Year,No,2630,26,258,0
140,Male,21,1,29,1,< 1 Year,No,62164,152,116,0
141,Female,21,1,46,1,< 1 Year,No,27528,160,117,0
142,Female,47,1,41,1,1-2 Year,No,42080,124,62,0
143,Male,25,1,28,1,< 1 Year,No,36202,152,193,0
144,Female,32,1,46,0,1-2 Year,Yes,27320,156,204,0
145,Male,21,1,3,1,< 1 Year,No,40511,160,212,0
146,Male,23,1,28,0,< 1 Year,Yes,56589,152,144,0
147,Female,27,1,30,1,< 1 Year,No,33780,152,246,0
148,Male,20,1,39,1,< 1 Year,No,28329,160,78,0
149,Female,38,1,28,0,1-2 Year,Yes,34471,124,234,1
150,Female,22,1,11,1,< 1 Year,No,76651,152,258,0
151,Male,25,1,8,0,< 1 Year,Yes,54385,152,206,0
152,Male,27,1,28,0,< 1 Year,Yes,26732,152,282,0
153,Male,51,1,19,0,1-2 Year,Yes,2630,124,228,0
154,Male,53,1,28,1,1-2 Year,No,40397,122,156,0
155,Female,24,1,22,1,< 1 Year,No,34591,152,125,0
156,Female,49,1,28,0,1-2 Year,Yes,32771,154,29,0
157,Female,41,1,28,0,1-2 Year,Yes,54740,124,212,1
158,Male,41,1,35,0,1-2 Year,Yes,25112,154,221,0
159,Female,23,1,47,0,< 1 Year,Yes,28737,152,18,0
160,Female,31,1,15,1,< 1 Year,No,25908,152,84,0
161,Male,20,1,3,1,< 1 Year,No,41914,160,206,0
162,Male,70,1,25,1,1-2 Year,No,2630,124,230,0
163,Male,78,1,28,1,1-2 Year,No,42462,26,54,0
164,Female,31,1,28,1,1-2 Year,No,29395,26,123,0
165,Female,48,1,36,1,1-2 Year,No,2630,124,189,0
166,Male,25,1,30,1,< 1 Year,No,29396,152,22,0
167,Female,28,1,44,0,1-2 Year,Yes,37570,156,258,1
168,Female,26,1,8,0,< 1 Year,Yes,89282,152,101,0
169,Female,60,1,28,1,1-2 Year,No,30386,26,114,0
170,Female,28,1,8,1,< 1 Year,No,31454,152,86,0
171,Male,23,1,36,1,< 1 Year,No,52462,152,243,0
172,Male,22,1,36,1,< 1 Year,No,36352,152,13,0
173,Female,50,1,28,0,1-2 Year,Yes,36282,26,237,0
174,Female,33,1,36,1,< 1 Year,No,40899,152,85,0
175,Male,24,1,35,1,< 1 Year,No,23540,152,98,0
176,Female,22,1,36,1,< 1 Year,No,34527,152,67,0
177,Male,25,1,28,1,< 1 Year,No,101021,152,49,0
178,Male,60,1,45,0,1-2 Year,No,42888,124,229,0
179,Male,46,1,28,0,1-2 Year,Yes,60478,26,128,1
180,Female,45,1,46,0,1-2 Year,Yes,22689,26,95,0
181,Male,30,1,28,1,1-2 Year,No,40167,125,264,0
182,Male,52,1,0,0,1-2 Year,Yes,2630,124,89,0
183,Male,47,1,15,1,1-2 Year,No,29306,14,99,0
184,Male,59,1,41,1,1-2 Year,No,28821,26,29,0
185,Female,51,1,28,0,1-2 Year,Yes,57008,26,208,0
186,Male,52,1,0,1,1-2 Year,No,2630,26,134,0
187,Male,48,1,8,0,> 2 Years,Yes,44021,124,135,0
188,Male,42,1,37,0,1-2 Year,Yes,36532,124,268,0
189,Female,45,1,28,0,1-2 Year,Yes,25604,26,85,0
190,Female,27,1,11,1,1-2 Year,No,26756,124,254,0
191,Female,28,1,8,1,< 1 Year,No,37731,152,30,0
192,Female,24,1,16,1,< 1 Year,No,28190,152,284,0
193,Male,32,1,46,1,< 1 Year,No,23847,152,183,0
194,Male,21,1,47,0,< 1 Year,No,37028,160,119,0
195,Male,39,1,28,1,1-2 Year,No,29468,26,166,0
196,Male,55,1,30,1,1-2 Year,No,29215,26,226,0
197,Female,56,1,15,0,1-2 Year,No,29132,154,229,0
198,Male,42,1,3,0,1-2 Year,Yes,32293,124,105,1
199,Female,26,1,26,1,< 1 Year,No,2630,152,142,0
200,Female,42,1,28,0,1-2 Year,Yes,40613,124,242,0
201,Male,55,1,28,0,1-2 Year,Yes,49470,124,203,0
202,Female,41,1,28,0,1-2 Year,Yes,22561,124,207,1
203,Male,22,1,11,1,< 1 Year,No,21126,152,272,0
204,Male,42,1,8,0,1-2 Year,No,24224,154,66,0
205,Female,30,1,28,0,< 1 Year,Yes,39104,122,263,1
206,Male,21,1,30,0,< 1 Year,Yes,26720,160,64,0
207,Female,23,1,46,1,< 1 Year,No,18682,152,57,0
208,Female,21,1,6,0,< 1 Year,Yes,19196,152,40,0
209,Male,24,1,6,1,< 1 Year,No,18576,151,245,0
210,Male,26,1,37,0,< 1 Year,Yes,57159,160,163,0
211,Female,48,1,28,1,1-2 Year,No,35945,124,24,0
212,Male,45,1,28,0,1-2 Year,Yes,33205,26,243,0
213,Male,44,1,28,0,> 2 Years,Yes,42754,124,23,1
214,Male,42,1,45,0,1-2 Year,No,28759,25,102,0
215,Male,44,1,2,0,1-2 Year,No,34618,26,265,0
216,Female,25,1,9,0,< 1 Year,No,34280,160,202,0
217,Female,60,1,28,0,> 2 Years,Yes,65472,26,36,0
218,Female,21,1,46,0,< 1 Year,Yes,33245,152,259,0
219,Male,22,1,15,0,< 1 Year,Yes,32252,160,100,0
220,Male,23,1,41,1,< 1 Year,No,26285,152,91,0
221,Female,44,1,28,1,1-2 Year,No,2630,124,114,0
222,Male,40,1,20,0,1-2 Year,Yes,2630,26,204,0
223,Male,21,1,27,1,< 1 Year,No,45006,160,106,0
224,Female,61,1,28,0,> 2 Years,Yes,2630,157,190,1
225,Male,75,1,28,0,> 2 Years,Yes,40765,124,162,0
226,Female,53,1,28,1,1-2 Year,No,44313,61,33,0
227,Male,37,1,8,1,1-2 Year,No,29099,152,194,0
228,Male,29,1,28,1,< 1 Year,No,44742,152,85,0
229,Male,32,1,50,0,< 1 Year,No,2630,1,287,0
230,Female,64,1,28,1,1-2 Year,Yes,41697,26,287,0
231,Male,42,1,31,0,1-2 Year,Yes,2630,124,181,0
232,Male,24,1,47,0,< 1 Year,Yes,36414,124,292,0
233,Male,53,1,0,0,1-2 Year,Yes,2630,26,69,0
234,Male,62,1,15,0,1-2 Year,No,44679,86,239,0
235,Male,25,1,46,1,< 1 Year,No,39914,152,235,0
236,Male,23,1,39,0,< 1 Year,Yes,29575,152,281,1
237,Female,48,1,33,0,1-2 Year,Yes,44724,154,132,0
238,Male,28,1,15,1,< 1 Year,No,38339,152,245,0
239,Male,33,1,3,1,1-2 Year,No,27609,152,255,0
240,Female,63,1,28,0,> 2 Years,Yes,31004,26,281,0
241,Male,22,1,46,1,< 1 Year,No,30745,152,147,0
242,Male,27,1,3,1,< 1 Year,No,27181,152,125,0
243,Female,36,1,28,0,1-2 Year,Yes,40431,124,230,0
244,Male,49,1,28,0,1-2 Year,Yes,45558,26,49,0
245,Female,39,1,46,0,1-2 Year,No,35145,26,116,0
246,Female,21,1,11,0,< 1 Year,Yes,35555,152,242,1
247,Female,57,1,46,0,1-2 Year,Yes,30777,26,158,0
248,Female,43,1,28,0,1-2 Year,Yes,29578,31,203,1
249,Female,25,1,27,0,< 1 Year,No,2630,152,167,0
250,Male,41,1,11,1,1-2 Year,No,35614,26,152,0
251,Male,33,1,31,1,< 1 Year,No,2630,152,259,0
252,Male,23,1,12,1,< 1 Year,No,24886,26,111,0
253,Female,20,1,34,0,< 1 Year,Yes,33247,160,281,0
254,Male,36,1,28,1,1-2 Year,No,47682,124,121,0
255,Male,21,1,13,1,< 1 Year,No,37710,152,30,0
256,Female,57,1,28,0,> 2 Years,Yes,2630,26,71,0
257,Male,25,1,28,1,< 1 Year,No,43516,152,150,0
258,Female,24,1,46,0,< 1 Year,Yes,27141,152,246,0
259,Male,67,1,28,1,1-2 Year,No,31011,122,63,0
260,Male,24,1,13,1,< 1 Year,No,44603,152,207,0
261,Male,54,1,28,0,1-2 Year,Yes,34367,124,237,1
262,Female,22,1,12,1,< 1 Year,No,29823,152,128,0
263,Male,45,1,30,1,1-2 Year,No,2630,26,121,0
264,Male,22,1,36,1,< 1 Year,No,2630,152,60,0
265,Male,24,1,28,0,< 1 Year,Yes,21583,152,143,0
266,Female,22,1,11,1,< 1 Year,No,32234,152,117,0
267,Male,48,1,28,0,1-2 Year,Yes,42028,26,77,0
268,Female,28,1,21,1,< 1 Year,No,26106,152,95,0
269,Female,27,1,50,0,< 1 Year,Yes,2630,160,83,0
270,Male,49,1,46,1,1-2 Year,No,2630,30,198,0
271,Male,62,1,8,0,1-2 Year,Yes,47272,26,194,0
272,Male,45,1,28,0,1-2 Year,Yes,42704,26,116,0
273,Female,60,1,6,0,1-2 Year,Yes,2630,157,143,0
274,Female,20,1,17,0,1-2 Year,No,2630,156,181,0
275,Female,38,1,10,0,1-2 Year,Yes,37039,124,103,0
276,Female,52,1,31,0,1-2 Year,Yes,2630,26,127,0
277,Female,36,1,15,0,1-2 Year,Yes,2630,26,69,1
278,Male,55,1,28,0,> 2 Years,Yes,41246,26,285,0
279,Female,20,1,35,0,< 1 Year,Yes,34281,160,214,0
280,Male,25,1,28,1,< 1 Year,No,47031,26,151,0
281,Male,25,1,39,0,< 1 Year,No,2630,152,217,0
282,Female,54,1,41,0,1-2 Year,Yes,53581,124,199,1
283,Female,21,1,14,1,< 1 Year,No,36712,152,56,0
284,Male,40,1,48,0,> 2 Years,Yes,2630,26,86,0
285,Male,36,1,28,0,1-2 Year,Yes,34165,124,143,0
286,Male,42,1,15,0,1-2 Year,Yes,28883,26,66,0
287,Male,24,1,10,1,< 1 Year,No,35443,152,45,0
288,Male,39,1,28,0,1-2 Year,Yes,32807,157,186,0
289,Male,26,1,10,0,< 1 Year,Yes,24115,152,69,0
290,Male,64,1,8,0,1-2 Year,Yes,2630,124,293,0
291,Female,25,1,47,1,< 1 Year,No,2630,160,299,0
292,Female,22,1,13,1,< 1 Year,No,37093,152,66,0
293,Female,43,1,3,0,1-2 Year,Yes,31020,26,59,1
294,Female,28,1,6,1,< 1 Year,No,18683,152,215,0
295,Male,22,1,13,1,< 1 Year,No,33413,152,104,0
296,Female,26,1,16,0,< 1 Year,Yes,32232,152,238,0
297,Female,22,1,46,0,< 1 Year,Yes,31180,152,120,0
298,Male,60,1,8,0,1-2 Year,Yes,2630,124,21,0
299,Female,49,1,31,0,1-2 Year,Yes,2630,124,32,1
300,Male,22,1,21,1,< 1 Year,No,30893,152,29,0
301,Male,21,1,29,1,< 1 Year,No,43798,152,258,0
302,Male,67,1,28,0,1-2 Year,Yes,32653,124,171,0
303,Female,35,1,28,0,1-2 Year,Yes,41662,150,223,0
304,Female,24,1,33,1,< 1 Year,No,20513,152,270,0
305,Male,24,1,11,1,< 1 Year,No,27771,152,233,0
306,Male,24,1,15,1,< 1 Year,No,23267,152,143,0
307,Female,28,1,41,1,< 1 Year,No,37948,152,211,0
308,Female,24,1,30,1,< 1 Year,No,24414,152,149,0
309,Male,71,1,28,0,1-2 Year,Yes,42881,124,105,0
310,Male,26,1,35,1,< 1 Year,No,51047,152,165,0
311,Female,45,1,28,0,> 2 Years,Yes,73929,157,86,0
312,Female,59,1,39,0,1-2 Year,Yes,44630,124,200,0
313,Female,26,1,28,1,< 1 Year,No,44082,152,197,0
314,Female,24,1,46,1,< 1 Year,No,21006,152,11,0
315,Male,42,1,8,0,1-2 Year,Yes,35600,124,213,0
316,Male,20,1,12,0,< 1 Year,Yes,82705,160,49,0
317,Male,54,1,6,1,1-2 Year,No,24515,124,93,0
318,Male,48,1,8,1,1-2 Year,No,41483,124,113,0
319,Male,59,1,41,0,1-2 Year,Yes,2630,156,88,0
320,Male,43,1,5,1,1-2 Year,Yes,2630,124,178,0
321,Female,40,1,29,0,1-2 Year,Yes,2630,157,77,0
322,Male,77,1,50,1,1-2 Year,No,42327,124,10,0
323,Female,22,1,28,0,< 1 Year,Yes,48276,152,290,0
324,Female,35,1,28,0,1-2 Year,Yes,41029,125,94,0
325,Male,24,1,8,1,< 1 Year,No,35981,152,231,0
326,Female,24,1,33,1,< 1 Year,No,32219,152,45,0
327,Female,26,1,47,1,< 1 Year,No,2630,152,296,0
328,Male,26,1,30,1,< 1 Year,No,2630,152,270,0
329,Male,39,1,28,0,1-2 Year,Yes,38036,157,10,0
330,Female,52,1,45,0,1-2 Year,Yes,23918,26,265,0
331,Male,20,1,28,1,< 1 Year,No,31367,160,255,0
332,Male,69,1,28,0,1-2 Year,Yes,30727,122,47,0
333,Female,28,1,46,1,< 1 Year,No,41526,160,122,0
334,Male,44,1,28,0,1-2 Year,Yes,30427,124,237,1
335,Female,22,1,8,1,< 1 Year,No,48773,152,217,0
336,Male,20,1,29,1,1-2 Year,No,2630,157,271,0
337,Male,21,1,8,1,< 1 Year,No,27076,160,278,0
338,Male,23,1,18,1,< 1 Year,No,35970,26,16,0
339,Male,36,1,8,0,1-2 Year,Yes,30941,26,249,0
340,Female,69,1,28,0,1-2 Year,Yes,32400,26,189,1
341,Male,27,1,15,0,< 1 Year,Yes,33845,152,260,0
342,Male,47,1,41,1,1-2 Year,No,36809,26,226,0
343,Female,49,1,28,0,1-2 Year,Yes,48505,124,271,0
344,Male,25,1,25,1,< 1 Year,No,32856,152,275,0
345,Female,21,1,29,1,< 1 Year,No,29166,152,278,0
346,Male,42,1,38,0,1-2 Year,Yes,34193,156,116,1
347,Male,22,1,37,0,< 1 Year,Yes,38240,152,221,1
348,Female,42,1,28,0,1-2 Year,Yes,39977,124,276,0
349,Female,31,1,28,0,1-2 Year,Yes,39423,124,190,0
350,Female,60,1,36,1,1-2 Year,Yes,36638,124,33,0
351,Male,46,1,29,0,1-2 Year,Yes,28946,124,64,0
352,Female,23,1,46,1,< 1 Year,No,2630,152,88,0
353,Female,22,1,30,1,< 1 Year,No,18202,152,107,0
354,Male,20,1,8,1,< 1 Year,No,38076,160,79,0
355,Male,57,1,28,0,1-2 Year,Yes,19618,122,96,1
356,Female,29,1,28,1,< 1 Year,No,27715,152,93,0
357,Male,22,1,46,1,< 1 Year,Yes,28311,152,240,0
358,Female,22,1,36,0,< 1 Year,Yes,2630,152,211,0
359,Male,43,1,28,0,1-2 Year,Yes,39495,124,172,1
360,Male,54,1,15,0,1-2 Year,Yes,35116,124,171,1
361,Male,44,1,28,0,1-2 Year,Yes,39450,124,214,0
362,Female,23,1,8,1,< 1 Year,No,42644,152,257,0
363,Female,50,1,28,0,1-2 Year,Yes,68147,30,218,0
364,Male,50,1,28,1,1-2 Year,No,42024,122,224,0
365,Female,44,1,41,0,1-2 Year,Yes,30875,124,173,0
366,Male,22,1,46,1,< 1 Year,No,25037,152,220,0
367,Male,31,1,24,0,1-2 Year,Yes,2630,156,257,0
368,Female,20,1,12,0,< 1 Year,Yes,2630,160,203,0
369,Male,52,1,30,1,< 1 Year,No,2630,1,152,0
370,Male,58,1,28,1,1-2 Year,No,44522,23,94,0
371,Male,59,1,49,0,1-2 Year,Yes,39971,124,143,0
372,Female,25,1,8,1,< 1 Year,No,42307,152,213,0
373,Male,45,1,28,0,> 2 Years,Yes,49145,122,222,1
374,Male,44,1,46,1,1-2 Year,No,50696,26,193,0
375,Female,38,1,29,0,1-2 Year,Yes,47639,122,169,0
376,Male,38,1,28,0,1-2 Year,Yes,65212,124,32,0
377,Male,23,1,27,1,< 1 Year,No,26287,160,199,0
378,Female,78,1,46,1,1-2 Year,No,31616,11,185,0
379,Male,20,1,35,1,< 1 Year,No,2630,160,81,0
380,Male,25,1,11,0,< 1 Year,No,38081,152,132,0
381,Male,47,1,28,1,1-2 Year,No,31269,124,213,0
382,Male,66,1,31,0,> 2 Years,Yes,2630,26,90,0
383,Female,55,1,28,0,> 2 Years,Yes,49146,26,190,1
384,Female,24,1,8,0,< 1 Year,Yes,54408,152,86,0
385,Male,26,1,8,1,< 1 Year,No,54203,152,81,0
386,Female,22,1,28,1,< 1 Year,No,38452,26,51,0
387,Female,34,1,28,0,1-2 Year,No,46685,124,205,0
388,Male,66,1,28,0,1-2 Year,No,42644,122,80,0
389,Female,44,1,28,0,1-2 Year,Yes,45485,122,245,0
390,Male,21,1,13,0,< 1 Year,Yes,28733,152,70,0
391,Male,20,1,46,0,< 1 Year,Yes,49211,160,284,0
392,Male,22,1,50,1,< 1 Year,No,36287,152,70,0
393,Female,25,1,37,0,< 1 Year,Yes,2630,152,249,0
394,Female,49,1,29,0,1-2 Year,No,2630,156,265,0
395,Male,50,1,31,0,1-2 Year,Yes,2630,124,237,0
396,Male,75,1,8,1,1-2 Year,No,2630,26,11,0
397,Male,31,1,28,0,< 1 Year,Yes,32883,26,132,0
398,Male,21,1,28,0,< 1 Year,No,2630,152,186,0
399,Female,47,1,15,0,1-2 Year,Yes,2630,14,166,0
400,Male,59,1,28,0,1-2 Year,Yes,44233,124,160,1
401,Male,23,1,47,0,< 1 Year,Yes,25080,152,277,1
402,Male,65,1,28,0,1-2 Year,Yes,90789,26,186,1
403,Female,27,1,33,0,< 1 Year,Yes,2630,152,125,0
404,Male,49,1,28,0,1-2 Year,Yes,37214,26,158,1
405,Male,51,1,28,0,1-2 Year,Yes,37690,26,34,0
406,Female,66,1,47,0,1-2 Year,Yes,34757,26,92,0
407,Male,45,1,28,0,1-2 Year,No,42620,124,245,0
408,Female,45,1,35,1,1-2 Year,No,2630,26,200,0
409,Female,68,1,30,1,1-2 Year,No,2630,160,218,0
410,Male,47,1,28,0,> 2 Years,Yes,33145,124,237,0
411,Male,28,1,6,0,1-2 Year,Yes,31181,124,282,0
412,Female,25,1,40,0,< 1 Year,Yes,39361,152,104,0
413,Female,51,1,28,0,> 2 Years,Yes,33632,124,137,0
414,Female,24,1,6,1,< 1 Year,No,29371,152,168,0
415,Female,25,1,43,1,< 1 Year,No,27080,160,177,0
416,Female,24,1,43,0,< 1 Year,Yes,29981,152,185,0
417,Male,41,1,21,0,1-2 Year,Yes,29440,157,87,1
418,Male,29,1,46,0,< 1 Year,Yes,2630,152,118,0
419,Female,22,1,46,1,< 1 Year,No,31506,160,113,0
420,Female,38,1,38,1,1-2 Year,No,37379,124,158,0
421,Female,26,1,8,1,< 1 Year,No,22650,152,181,0
422,Male,23,1,6,1,< 1 Year,No,24308,152,256,0
423,Female,36,1,46,0,< 1 Year,Yes,2630,1,94,0
424,Female,37,1,28,0,1-2 Year,Yes,20267,152,88,0
425,Female,21,1,8,1,< 1 Year,Yes,46704,152,99,0
426,Female,24,1,13,0,< 1 Year,Yes,2630,151,19,0
427,Male,22,1,46,1,< 1 Year,No,23810,152,220,0
428,Male,54,1,28,1,1-2 Year,No,34431,124,288,0
429,Female,21,1,34,0,1-2 Year,Yes,36314,163,86,1
430,Female,44,1,28,0,1-2 Year,Yes,119735,152,295,0
431,Male,48,1,8,0,1-2 Year,Yes,42100,124,247,1
432,Male,42,1,11,0,1-2 Year,Yes,40473,124,46,0
433,Female,45,1,28,0,1-2 Year,Yes,27616,26,134,0
434,Male,25,1,16,1,< 1 Year,No,2630,152,178,0
435,Male,76,1,15,1,1-2 Year,No,39952,14,126,0
436,Male,64,1,28,0,1-2 Year,Yes,42417,60,116,0
437,Male,29,1,8,0,< 1 Year,Yes,42992,124,241,0
438,Female,28,1,14,1,< 1 Year,No,27555,152,258,0
439,Female,24,1,46,1,< 1 Year,No,25784,152,128,0
440,Female,49,1,8,0,1-2 Year,Yes,38022,124,197,0
441,Male,53,1,39,0,1-2 Year,Yes,2630,157,83,0
442,Female,67,1,29,0,1-2 Year,Yes,43753,124,30,1
443,Male,54,1,33,0,1-2 Year,Yes,39396,124,295,0
444,Female,25,1,23,1,< 1 Year,No,2630,152,228,0
445,Female,21,1,30,1,< 1 Year,No,24030,152,82,0
446,Female,39,1,28,0,1-2 Year,Yes,33016,124,74,0
447,Male,54,1,35,0,1-2 Year,Yes,26629,26,113,1
448,Female,24,1,32,0,< 1 Year,Yes,2630,152,107,0
449,Female,23,1,2,1,< 1 Year,No,24881,152,247,0
450,Male,33,1,15,1,< 1 Year,No,2630,152,190,0
451,Female,23,1,37,0,< 1 Year,Yes,21214,152,126,1
452,Female,23,1,21,0,< 1 Year,Yes,24388,152,270,0
453,Male,47,1,46,1,1-2 Year,No,2630,21,270,0
454,Male,63,1,28,0,1-2 Year,Yes,44879,124,85,0
455,Female,27,1,10,0,< 1 Year,Yes,24453,152,152,0
456,Male,49,1,8,0,1-2 Year,Yes,41648,124,98,0
457,Male,29,1,28,0,< 1 Year,Yes,40186,160,227,0
458,Male,46,1,33,0,1-2 Year,Yes,30866,124,77,0
459,Male,33,1,11,1,< 1 Year,No,35263,152,271,0
460,Male,40,1,8,1,1-2 Year,No,31839,152,165,0
461,Female,30,1,49,0,< 1 Year,Yes,27967,152,270,0
462,Male,52,1,28,0,1-2 Year,Yes,46090,124,217,1
463,Male,23,1,35,1,< 1 Year,No,27968,152,128,0
464,Male,70,1,28,0,> 2 Years,Yes,51565,122,115,0
465,Male,24,1,2,0,< 1 Year,Yes,26707,152,224,0
466,Male,42,1,33,0,> 2 Years,Yes,35187,124,107,0
467,Male,70,1,8,0,1-2 Year,Yes,46177,26,249,0
468,Female,22,1,46,0,< 1 Year,Yes,26118,152,46,0
469,Male,70,1,7,1,1-2 Year,No,65479,124,213,0
470,Female,23,1,28,1,< 1 Year,No,38010,152,177,0
471,Female,74,1,28,0,> 2 Years,Yes,30128,26,164,1
472,Female,22,1,43,0,1-2 Year,Yes,42589,157,236,0
473,Female,66,1,28,0,1-2 Year,Yes,30967,26,64,0
474,Female,24,1,8,0,< 1 Year,Yes,42636,152,155,0
475,Male,40,1,28,0,1-2 Year,Yes,37142,124,286,0
476,Male,59,1,8,1,1-2 Year,No,34424,26,134,0
477,Female,23,1,27,0,< 1 Year,Yes,27827,151,19,0
478,Male,45,1,46,0,1-2 Year,Yes,37726,26,186,0
479,Female,22,1,44,1,< 1 Year,No,37232,152,177,0
480,Male,30,1,28,0,< 1 Year,Yes,51429,121,119,1
481,Male,73,1,29,0,> 2 Years,Yes,104002,3,132,0
482,Female,33,1,7,0,1-2 Year,No,2630,26,103,0
483,Female,25,1,2,1,< 1 Year,No,28342,152,113,0
484,Female,44,1,28,0,1-2 Year,Yes,52593,26,30,1
485,Female,36,1,8,0,1-2 Year,Yes,63198,26,244,1
486,Male,69,1,46,1,1-2 Year,No,44679,26,293,0
487,Male,79,1,45,0,1-2 Year,Yes,21882,124,78,0
488,Female,24,1,28,1,< 1 Year,No,28036,152,108,0
489,Male,72,1,8,1,1-2 Year,No,36462,26,61,0
490,Female,39,1,28,0,1-2 Year,Yes,45387,154,59,1
491,Female,62,1,28,0,1-2 Year,Yes,31026,124,105,0
492,Male,43,1,18,0,1-2 Year,Yes,39225,124,268,0
493,Male,29,1,37,0,1-2 Year,Yes,2630,154,66,0
494,Female,20,1,28,1,< 1 Year,Yes,2630,160,120,0
495,Female,27,1,46,1,< 1 Year,No,28640,152,93,0
496,Male,20,1,8,0,< 1 Year,Yes,40115,160,292,0
497,Male,22,1,35,0,< 1 Year,Yes,30083,152,84,0
498,Male,56,1,28,0,1-2 Year,Yes,32018,26,183,0
499,Female,28,1,50,1,< 1 Year,No,26788,152,221,0
500,Male,20,1,36,1,< 1 Year,No,27397,152,13,0
501,Male,23,1,21,0,< 1 Year,Yes,33870,152,258,0
502,Female,31,1,15,1,< 1 Year,No,33444,152,233,0
503,Female,31,1,15,1,< 1 Year,No,40315,152,103,0
504,Female,51,1,28,0,1-2 Year,Yes,39214,26,15,0
505,Female,23,1,37,1,< 1 Year,No,41919,152,288,0
506,Male,37,1,28,0,1-2 Year,Yes,42207,124,135,1
507,Female,25,1,28,0,< 1 Year,Yes,92716,152,247,0
508,Female,25,1,28,1,< 1 Year,No,74371,152,295,0
509,Female,22,1,28,1,< 1 Year,No,58936,152,274,0
510,Female,31,1,18,1,< 1 Year,No,44945,152,201,0
511,Female,22,1,46,1,< 1 Year,No,36430,152,241,0
512,Male,29,1,7,1,< 1 Year,No,2630,152,59,0
513,Female,38,1,45,0,1-2 Year,Yes,2630,156,253,0
514,Female,26,1,15,1,< 1 Year,No,32553,152,97,0
515,Female,22,1,37,0,< 1 Year,Yes,32093,152,113,1
516,Female,70,1,28,0,1-2 Year,Yes,37783,139,102,0
517,Male,58,1,28,0,1-2 Year,Yes,41394,124,22,0
518,Male,52,1,12,0,1-2 Year,Yes,29442,124,264,0
519,Male,49,1,28,0,1-2 Year,Yes,31733,26,265,0
520,Female,24,1,30,0,< 1 Year,No,39055,152,127,0
521,Female,24,1,30,1,< 1 Year,No,28829,152,173,0
522,Female,76,1,8,0,1-2 Year,Yes,38546,163,92,0
523,Female,22,1,3,0,< 1 Year,Yes,23309,160,202,0
524,Female,23,1,43,1,< 1 Year,No,25272,152,25,0
525,Male,24,1,8,1,< 1 Year,No,60219,151,233,0
526,Female,25,1,47,0,< 1 Year,Yes,40374,152,246,0
527,Male,33,1,46,1,1-2 Year,No,27599,124,10,0
528,Male,51,1,18,1,1-2 Year,No,2630,26,88,0
529,Female,48,1,27,0,1-2 Year,Yes,34900,124,153,0
530,Male,38,1,48,0,1-2 Year,Yes,2630,124,67,0
531,Female,21,1,7,1,< 1 Year,No,2630,152,74,0
532,Male,36,1,9,1,1-2 Year,No,41410,152,174,0
533,Female,22,1,28,1,< 1 Year,No,24980,152,181,0
534,Male,53,1,28,1,1-2 Year,Yes,36544,26,182,0
535,Male,45,1,46,1,1-2 Year,No,2630,26,271,0
536,Male,24,1,15,1,< 1 Year,No,23479,151,259,0
537,Male,46,1,11,1,1-2 Year,No,36581,152,115,0
538,Female,57,1,41,1,1-2 Year,No,24564,152,220,0
539,Male,41,1,28,0,1-2 Year,Yes,44898,124,154,0
540,Male,45,1,28,0,1-2 Year,Yes,2630,26,204,1
541,Male,47,1,31,0,1-2 Year,Yes,2630,124,80,0
542,Male,51,1,41,0,> 2 Years,Yes,31443,12,82,0
543,Female,24,1,15,0,< 1 Year,Yes,2630,152,48,0
544,Male,57,1,28,0,1-2 Year,Yes,24552,26,122,1
545,Female,25,1,8,1,< 1 Year,No,61805,152,58,0
546,Male,46,1,8,1,1-2 Year,No,34727,124,229,0
547,Male,38,1,28,0,1-2 Year,Yes,46272,124,203,1
548,Female,48,1,28,0,1-2 Year,Yes,47104,26,166,0
549,Male,22,1,46,1,< 1 Year,No,26647,160,95,0
550,Male,27,1,46,1,< 1 Year,No,26312,152,244,0
551,Male,33,1,43,1,1-2 Year,No,2630,26,149,0
552,Male,23,1,47,1,< 1 Year,No,35982,152,277,0
553,Female,44,1,28,1,1-2 Year,No,34612,26,62,0
554,Female,24,1,41,1,< 1 Year,No,29857,152,201,0
555,Male,39,1,38,0,1-2 Year,Yes,33149,124,20,0
556,Female,21,1,13,1,< 1 Year,No,24731,160,283,0
557,Male,25,1,15,1,< 1 Year,No,34661,160,207,0
558,Female,51,1,33,0,1-2 Year,Yes,31243,152,39,1
559,Female,27,1,28,1,< 1 Year,No,52455,152,21,0
560,Female,42,1,8,0,> 2 Years,Yes,34393,124,209,0
561,Female,23,1,44,1,< 1 Year,No,28978,152,242,0
562,Male,36,1,28,1,1-2 Year,No,44579,26,104,0
563,Male,50,1,28,0,> 2 Years,Yes,38269,29,244,0
564,Male,69,0,33,0,1-2 Year,Yes,39730,26,53,0
565,Male,24,1,11,1,< 1 Year,No,36316,152,64,0
566,Male,57,1,7,0,1-2 Year,Yes,2630,124,52,0
567,Female,32,1,43,0,< 1 Year,No,2630,152,167,0
568,Male,68,1,8,0,1-2 Year,Yes,112974,26,206,0
569,Male,40,1,4,0,1-2 Year,Yes,33466,124,120,1
570,Male,37,1,30,0,1-2 Year,Yes,29934,26,141,0
571,Female,27,1,17,1,< 1 Year,No,2630,151,24,0
572,Female,21,1,47,0,< 1 Year,Yes,57982,160,89,0
573,Female,46,1,28,0,1-2 Year,Yes,51568,11,216,0
574,Male,55,1,28,0,1-2 Year,Yes,54115,55,114,0
575,Male,79,1,29,0,1-2 Year,Yes,28777,26,220,0
576,Female,22,1,8,0,< 1 Year,Yes,35461,152,90,0
577,Female,52,1,7,0,1-2 Year,Yes,2630,157,19,1
578,Male,22,1,30,1,< 1 Year,No,28001,152,226,0
579,Female,24,1,28,0,< 1 Year,Yes,31901,152,17,0
580,Male,32,1,21,1,< 1 Year,No,25562,152,261,0
581,Male,40,1,28,0,1-2 Year,Yes,34364,124,41,0
582,Female,23,1,8,1,< 1 Year,No,48251,152,202,0
583,Male,56,1,6,1,1-2 Year,Yes,20472,26,288,0
584,Male,57,1,28,0,1-2 Year,Yes,31179,26,160,1
585,Male,24,1,15,1,< 1 Year,No,33613,152,205,0
586,Female,27,1,33,1,< 1 Year,No,2630,160,266,0
587,Male,21,1,26,0,< 1 Year,Yes,25205,160,256,0
588,Female,72,1,28,0,1-2 Year,Yes,61819,122,35,0
589,Female,25,1,6,0,< 1 Year,Yes,2630,152,288,0
590,Female,21,1,7,1,< 1 Year,No,48103,160,135,0
591,Male,24,1,45,0,< 1 Year,Yes,19848,152,115,0
592,Female,25,1,24,1,< 1 Year,No,2630,152,36,0
593,Male,26,1,30,1,< 1 Year,No,22102,152,97,0
594,Female,75,1,46,1,1-2 Year,No,30356,26,288,0
595,Female,24,1,41,1,< 1 Year,Yes,21093,160,53,0
596,Male,66,1,14,0,1-2 Year,Yes,40223,124,200,0
597,Female,23,1,41,1,< 1 Year,No,32465,152,47,0
598,Female,49,1,46,0,1-2 Year,Yes,25996,26,184,1
599,Male,42,1,41,0,1-2 Year,Yes,35129,163,80,1
600,Female,25,1,23,1,< 1 Year,No,19298,152,140,0
601,Male,21,1,29,1,< 1 Year,No,28450,152,17,0
602,Female,23,1,28,1,< 1 Year,No,28155,152,83,0
603,Female,38,1,28,0,1-2 Year,Yes,26103,154,121,0
604,Male,44,1,35,0,1-2 Year,Yes,2630,124,245,0
605,Male,25,1,28,0,< 1 Year,Yes,60550,152,269,0
606,Male,38,1,28,0,1-2 Year,Yes,52970,124,106,0
607,Female,24,1,13,1,< 1 Year,No,22649,152,243,0
608,Female,23,1,27,0,< 1 Year,No,2630,152,103,0
609,Female,43,1,28,1,1-2 Year,No,2630,124,248,0
610,Female,30,1,26,0,< 1 Year,Yes,2630,154,74,0
611,Female,49,1,28,1,1-2 Year,No,2630,124,100,0
612,Female,22,1,30,1,< 1 Year,No,30724,152,271,0
613,Female,45,1,8,0,1-2 Year,Yes,2630,26,96,1
614,Male,72,1,28,0,1-2 Year,Yes,45683,26,270,0
615,Male,25,1,8,1,< 1 Year,No,63124,152,136,0
616,Male,64,1,28,1,1-2 Year,No,30068,26,237,0
617,Male,46,1,28,0,> 2 Years,Yes,64819,124,82,1
618,Male,84,1,28,1,1-2 Year,No,49367,122,31,0
619,Male,46,1,28,0,> 2 Years,Yes,42534,124,168,0
620,Female,41,1,28,0,1-2 Year,Yes,35524,124,13,1
621,Male,73,1,46,0,1-2 Year,Yes,41623,26,146,0
622,Female,43,1,28,0,> 2 Years,Yes,37314,26,288,1
623,Male,47,1,9,0,1-2 Year,Yes,37752,26,235,0
624,Male,55,1,28,1,1-2 Year,Yes,42394,26,142,0
625,Female,45,1,37,0,1-2 Year,Yes,35692,152,235,0
626,Female,24,1,11,1,< 1 Year,No,38608,152,107,0
627,Male,44,1,23,0,1-2 Year,Yes,42609,124,83,0
628,Male,42,1,28,0,> 2 Years,Yes,34815,26,101,1
629,Female,24,1,3,1,< 1 Year,No,28239,152,67,0
630,Female,27,1,15,0,< 1 Year,No,28171,152,213,0
631,Male,21,1,26,1,< 1 Year,No,15945,160,160,0
632,Female,22,1,40,1,< 1 Year,No,32851,152,234,0
633,Female,22,1,14,1,< 1 Year,No,37508,152,260,0
634,Female,44,1,40,0,1-2 Year,Yes,36790,26,266,0
635,Male,21,1,4,0,< 1 Year,Yes,22577,152,204,0
636,Male,36,1,46,0,1-2 Year,Yes,20819,26,137,0
637,Male,24,1,28,1,< 1 Year,No,55467,152,84,0
638,Female,53,1,8,0,1-2 Year,Yes,60483,7,30,0
639,Male,52,1,28,1,1-2 Year,No,35031,26,88,0
640,Male,23,1,35,1,< 1 Year,No,34056,152,233,0
641,Female,49,1,48,1,1-2 Year,No,2630,26,245,0
642,Female,23,1,29,1,< 1 Year,No,27636,152,145,0
643,Female,23,1,41,1,< 1 Year,No,44043,152,65,0
644,Male,40,1,28,0,1-2 Year,No,32854,122,149,0
645,Male,23,1,15,1,< 1 Year,No,29541,152,258,0
646,Female,21,1,36,1,< 1 Year,No,30389,152,27,0
647,Male,30,1,28,0,1-2 Year,Yes,2630,157,298,0
648,Male,57,1,46,1,1-2 Year,No,2630,26,166,0
649,Male,55,1,28,1,1-2 Year,No,67745,124,93,0
650,Male,50,1,4,0,1-2 Year,Yes,26821,26,296,0
651,Female,44,1,28,0,1-2 Year,Yes,26567,26,215,0
652,Male,25,1,28,0,< 1 Year,Yes,41654,26,233,0
653,Male,43,1,23,0,1-2 Year,Yes,29155,154,277,0
654,Male,24,1,41,1,< 1 Year,No,24773,152,277,0
655,Female,59,1,18,0,1-2 Year,No,23322,124,133,1
656,Male,23,1,44,0,< 1 Year,Yes,29267,152,41,0
657,Male,53,1,13,0,1-2 Year,Yes,2630,26,90,0
658,Male,23,1,46,1,1-2 Year,Yes,2630,156,234,0
659,Male,24,1,36,1,< 1 Year,No,36975,152,88,0
660,Female,24,1,28,0,< 1 Year,Yes,32681,152,116,0
661,Male,60,1,28,0,1-2 Year,Yes,68548,26,298,0
662,Female,34,1,29,0,1-2 Year,Yes,30045,26,119,1
663,Male,29,1,28,1,< 1 Year,No,25850,152,125,0
664,Female,21,1,46,1,< 1 Year,No,41238,152,195,0
665,Male,25,1,14,1,< 1 Year,No,39723,152,278,0
666,Female,45,1,35,1,1-2 Year,No,52448,26,105,0
667,Female,22,1,47,1,< 1 Year,No,24233,152,231,0
668,Male,55,1,17,1,1-2 Year,No,36693,26,212,0
669,Male,45,1,33,0,1-2 Year,Yes,23958,26,35,1
670,Female,23,1,28,1,< 1 Year,No,49577,152,55,0
671,Male,26,1,47,1,< 1 Year,No,33045,152,188,0
672,Male,68,1,28,0,1-2 Year,Yes,45626,26,68,0
673,Female,63,1,28,0,1-2 Year,Yes,2630,26,172,0
674,Male,27,1,36,1,< 1 Year,No,32286,152,75,0
675,Female,37,1,28,0,1-2 Year,Yes,45037,26,238,1
676,Female,48,1,28,1,1-2 Year,No,45148,124,240,0
677,Female,35,1,35,0,1-2 Year,Yes,37646,26,198,0
678,Male,71,1,28,1,1-2 Year,No,33685,122,10,0
679,Male,31,1,39,0,< 1 Year,Yes,2630,26,166,1
680,Male,53,1,29,0,1-2 Year,Yes,2630,156,141,0
681,Male,22,1,41,1,< 1 Year,No,31827,152,69,0
682,Female,67,1,41,0,1-2 Year,Yes,31554,124,30,0
683,Female,76,1,28,1,1-2 Year,No,37753,124,38,0
684,Female,47,1,30,0,1-2 Year,Yes,2630,154,227,0
685,Male,36,1,35,0,1-2 Year,Yes,25017,124,203,0
686,Male,46,1,28,0,1-2 Year,Yes,31663,26,235,0
687,Female,35,1,3,0,1-2 Year,No,2630,26,43,0
688,Female,66,1,8,0,1-2 Year,No,48089,7,205,0
689,Male,61,1,8,0,> 2 Years,Yes,22257,124,171,1
690,Female,23,1,41,1,< 1 Year,No,33860,152,217,0
691,Male,44,1,28,0,1-2 Year,No,50633,124,103,0
692,Female,22,1,11,0,< 1 Year,Yes,35557,152,110,0
693,Female,28,1,11,1,< 1 Year,No,2630,152,101,0
694,Female,38,1,46,0,1-2 Year,Yes,2630,157,83,0
695,Female,48,1,10,0,1-2 Year,Yes,39818,26,180,0
696,Male,41,1,28,0,1-2 Year,Yes,49845,124,168,0
697,Female,31,1,8,1,< 1 Year,No,41106,152,37,0
698,Male,42,1,8,1,1-2 Year,No,2630,26,193,0
699,Male,48,1,41,1,1-2 Year,No,2630,124,18,0
700,Male,42,1,28,0,1-2 Year,Yes,2630,122,235,0
701,Female,24,1,47,1,< 1 Year,No,35665,152,174,0
702,Male,76,1,3,1,1-2 Year,No,28290,26,146,0
703,Female,43,1,28,0,1-2 Year,Yes,46174,26,21,1
704,Female,25,1,28,1,< 1 Year,No,34410,152,219,0
705,Male,43,1,28,0,1-2 Year,Yes,26259,124,116,0
706,Female,35,1,46,0,1-2 Year,Yes,29036,124,227,1
707,Female,24,1,11,1,< 1 Year,No,32803,152,239,0
708,Male,46,1,8,0,1-2 Year,No,35183,155,68,0
709,Female,45,1,28,1,1-2 Year,No,28586,124,129,0
710,Male,24,1,49,1,< 1 Year,No,19613,152,167,0
711,Female,46,1,0,0,1-2 Year,Yes,2630,47,292,0
712,Female,33,1,28,0,1-2 Year,Yes,28188,122,257,0
713,Male,23,1,18,1,< 1 Year,No,18086,152,139,0
714,Male,38,1,39,0,1-2 Year,Yes,2630,127,244,0
715,Male,47,1,26,0,1-2 Year,Yes,28871,26,60,1
716,Female,26,1,46,1,< 1 Year,No,30380,152,268,0
717,Male,44,1,8,0,1-2 Year,Yes,32342,124,255,1
718,Male,23,1,29,0,< 1 Year,Yes,28070,153,136,0
719,Male,36,1,8,0,1-2 Year,Yes,32752,156,287,1
720,Male,40,1,8,0,1-2 Year,Yes,71479,124,107,0
721,Male,24,1,10,1,< 1 Year,No,31953,152,83,0
722,Male,39,1,18,0,1-2 Year,Yes,43177,124,12,0
723,Female,42,1,28,1,1-2 Year,No,61279,26,224,0
724,Female,76,1,29,1,1-2 Year,No,48834,26,54,0
725,Female,31,1,10,1,< 1 Year,No,30459,152,295,0
726,Female,21,1,15,0,< 1 Year,Yes,31946,152,216,0
727,Male,48,1,37,1,1-2 Year,No,22242,26,283,0
728,Female,23,1,27,0,< 1 Year,No,27629,152,228,0
729,Male,28,1,9,1,< 1 Year,No,34010,152,145,0
730,Female,43,1,28,0,1-2 Year,Yes,41103,26,258,0
731,Male,35,1,28,0,1-2 Year,Yes,33273,122,255,0
732,Female,35,1,28,0,1-2 Year,Yes,39339,124,170,0
733,Male,77,1,28,0,1-2 Year,Yes,2630,26,109,1
734,Female,24,1,33,1,< 1 Year,Yes,31546,152,268,0
735,Male,50,1,28,0,> 2 Years,Yes,53905,124,253,1
736,Female,69,1,28,0,1-2 Year,Yes,48756,124,285,0
737,Female,24,1,37,0,< 1 Year,Yes,49007,152,115,0
738,Male,29,1,8,1,< 1 Year,No,46278,152,69,0
739,Male,43,1,28,0,1-2 Year,Yes,29921,26,146,1
740,Male,70,1,28,1,1-2 Year,No,36785,13,211,0
741,Male,50,1,8,0,1-2 Year,Yes,2630,26,276,0
742,Male,29,1,18,1,< 1 Year,No,36528,152,270,0
743,Male,23,1,28,1,< 1 Year,No,42463,152,160,0
744,Male,20,1,39,1,< 1 Year,No,31515,160,167,0
745,Male,29,1,4,1,< 1 Year,No,23080,152,103,0
746,Female,68,1,47,1,1-2 Year,No,25075,26,108,0
747,Male,25,1,27,0,< 1 Year,Yes,27136,152,155,0
748,Male,48,1,28,0,1-2 Year,Yes,31502,26,125,0
749,Male,46,1,28,0,> 2 Years,Yes,38166,26,37,1
750,Male,44,1,28,1,1-2 Year,Yes,33844,26,81,0
751,Male,49,1,30,0,1-2 Year,Yes,2630,26,59,1
752,Male,53,1,30,1,1-2 Year,No,2630,26,208,0
753,Male,24,1,7,0,< 1 Year,No,32560,152,291,0
754,Male,61,1,3,0,1-2 Year,Yes,27238,30,206,0
755,Female,33,1,28,0,< 1 Year,Yes,43563,154,240,0
756,Female,49,1,8,0,> 2 Years,Yes,40190,124,209,0
757,Female,53,1,33,0,1-2 Year,Yes,47367,124,254,0
758,Male,46,1,36,1,1-2 Year,No,37565,26,18,0
759,Female,44,1,28,0,1-2 Year,Yes,42376,124,298,0
760,Male,25,1,32,1,< 1 Year,No,2630,160,114,0
761,Male,26,1,15,0,< 1 Year,No,44116,152,125,0
762,Female,40,1,28,0,1-2 Year,Yes,2630,124,197,1
763,Female,48,1,3,0,1-2 Year,Yes,28795,124,286,0
764,Female,35,1,28,0,1-2 Year,Yes,22773,124,193,0
765,Male,59,1,28,0,1-2 Year,Yes,2630,156,245,0
766,Female,23,1,33,1,< 1 Year,No,22900,152,24,0
767,Female,69,1,18,0,1-2 Year,Yes,30539,124,107,1
768,Female,72,1,28,1,1-2 Year,No,65452,26,38,0
769,Female,44,1,41,0,1-2 Year,Yes,41968,124,222,0
770,Male,30,1,8,1,< 1 Year,No,45553,160,295,0
771,Female,31,1,28,1,1-2 Year,No,34827,124,71,0
772,Male,48,1,8,1,1-2 Year,No,39109,78,51,0
773,Female,33,1,18,1,< 1 Year,No,33981,152,248,0
774,Female,21,1,3,1,< 1 Year,No,31286,152,286,0
775,Male,58,1,28,0,1-2 Year,Yes,2630,158,180,1
776,Male,52,1,3,0,1-2 Year,No,29058,26,198,0
777,Male,44,1,35,0,1-2 Year,No,2630,89,88,0
778,Male,20,1,13,0,< 1 Year,Yes,2630,160,222,0
779,Male,23,1,28,0,< 1 Year,Yes,40765,152,144,0
780,Female,24,1,37,0,< 1 Year,Yes,21408,160,202,0
781,Male,45,1,28,1,1-2 Year,No,36212,124,82,0
782,Male,77,1,28,1,1-2 Year,No,33249,122,267,0
783,Female,23,1,30,1,< 1 Year,No,26275,152,108,0
784,Male,24,1,8,1,< 1 Year,No,33265,152,57,0
785,Female,37,1,33,0,1-2 Year,No,41890,124,167,0
786,Male,40,1,8,0,1-2 Year,Yes,31043,124,279,0
787,Male,65,1,48,0,1-2 Year,Yes,2630,26,90,0
788,Female,54,1,41,1,1-2 Year,No,19700,26,39,0
789,Male,33,1,28,0,1-2 Year,Yes,43580,26,37,0
790,Male,40,1,28,0,1-2 Year,Yes,28113,124,278,1
791,Male,20,1,8,1,< 1 Year,No,44400,160,275,0
792,Female,20,1,2,1,< 1 Year,Yes,31207,160,195,0
793,Male,24,1,8,0,< 1 Year,No,2630,152,12,0
794,Male,52,1,3,0,1-2 Year,Yes,28088,26,285,1
795,Male,71,1,16,0,1-2 Year,Yes,2630,26,134,0
796,Female,23,1,43,0,< 1 Year,Yes,46257,152,215,0
797,Male,26,1,27,1,< 1 Year,No,49625,152,151,0
798,Female,27,1,25,1,< 1 Year,No,29214,152,46,0
799,Female,23,1,8,1,< 1 Year,No,50423,152,73,0
800,Male,45,1,28,1,1-2 Year,No,29055,124,279,0
801,Male,26,1,14,1,< 1 Year,No,24354,151,171,0
802,Male,23,1,28,1,< 1 Year,No,57911,152,34,0
803,Female,29,1,15,1,< 1 Year,No,37098,152,185,0
804,Female,45,1,28,1,1-2 Year,No,2630,32,214,0
805,Female,26,1,28,1,< 1 Year,Yes,42200,26,251,0
806,Male,38,1,48,0,1-2 Year,Yes,2630,124,10,1
807,Female,67,1,29,0,1-2 Year,Yes,45459,124,267,1
808,Female,21,1,36,1,< 1 Year,No,32204,160,221,0
809,Female,24,1,3,1,< 1 Year,Yes,29376,160,112,0
810,Female,24,1,8,1,< 1 Year,No,58326,152,96,0
811,Male,22,1,2,1,< 1 Year,No,34772,152,105,0
812,Female,25,1,37,0,< 1 Year,Yes,47183,152,204,0
813,Female,54,1,50,1,1-2 Year,No,32573,154,153,0
814,Male,62,1,28,0,1-2 Year,Yes,38052,124,82,1
815,Female,26,1,28,1,< 1 Year,No,38448,152,216,0
816,Female,22,1,33,1,< 1 Year,No,38214,152,21,0
817,Female,36,1,28,1,1-2 Year,No,2630,125,232,0
818,Female,59,1,8,0,1-2 Year,Yes,80682,124,280,0
819,Female,23,1,39,1,< 1 Year,No,50821,152,201,0
820,Female,67,1,41,0,1-2 Year,Yes,40821,124,73,0
821,Female,41,1,38,0,1-2 Year,Yes,30438,124,299,0
822,Male,25,1,11,1,< 1 Year,No,18009,160,87,0
823,Female,46,1,28,0,1-2 Year,Yes,30184,124,110,0
824,Female,23,1,14,0,< 1 Year,Yes,27404,152,293,0
825,Female,26,1,9,1,< 1 Year,No,37801,152,121,0
826,Female,37,1,35,0,1-2 Year,No,2630,26,71,0
827,Male,66,1,50,1,1-2 Year,No,38590,8,76,0
828,Female,33,1,13,0,1-2 Year,No,38411,124,176,0
829,Female,25,1,28,1,< 1 Year,No,29046,152,134,0
830,Male,23,1,29,1,< 1 Year,No,36838,152,182,0
831,Male,56,1,28,1,1-2 Year,No,48462,124,22,0
832,Female,41,1,35,0,1-2 Year,Yes,30495,10,136,0
833,Male,20,1,30,0,< 1 Year,No,25497,160,11,0
834,Male,25,1,37,0,< 1 Year,Yes,31531,152,49,1
835,Male,66,1,41,0,1-2 Year,Yes,47749,26,144,0
836,Female,25,1,18,1,< 1 Year,No,25162,152,155,0
837,Female,29,1,33,1,< 1 Year,No,52537,152,291,0
838,Male,25,1,8,1,< 1 Year,No,2630,152,16,0
839,Male,52,1,8,0,1-2 Year,Yes,54581,26,234,0
840,Male,77,1,28,0,> 2 Years,Yes,60083,26,191,0
841,Male,21,1,8,0,< 1 Year,Yes,66657,152,59,0
842,Female,24,1,17,1,< 1 Year,No,28385,152,164,0
843,Female,24,1,37,0,< 1 Year,No,47282,152,65,0
844,Male,39,1,28,1,1-2 Year,No,38452,8,230,0
845,Male,44,1,17,0,1-2 Year,Yes,37272,124,231,0
846,Female,44,1,28,0,1-2 Year,Yes,43624,26,28,1
847,Male,43,1,39,0,1-2 Year,Yes,2630,124,26,1
848,Male,49,1,46,1,1-2 Year,No,2630,26,226,0
849,Female,24,1,41,1,< 1 Year,No,39342,152,27,0
850,Male,53,1,8,1,1-2 Year,No,44895,124,240,0
851,Female,67,1,50,0,1-2 Year,Yes,32592,120,101,0
852,Male,54,1,8,0,< 1 Year,Yes,34948,26,116,1
853,Female,44,1,41,0,1-2 Year,Yes,31059,26,263,1
854,Male,57,1,28,0,1-2 Year,Yes,67533,26,269,0
855,Female,30,1,28,1,< 1 Year,No,28647,152,190,0
856,Female,28,1,4,0,1-2 Year,Yes,2630,157,63,0
857,Female,22,1,15,0,< 1 Year,Yes,37932,152,293,0
858,Male,36,1,8,0,1-2 Year,Yes,31149,124,207,0
859,Male,23,1,36,0,< 1 Year,Yes,31668,152,31,0
860,Male,62,1,8,0,1-2 Year,Yes,30883,26,173,0
861,Male,42,1,28,0,1-2 Year,Yes,30408,124,74,1
862,Male,29,1,41,0,< 1 Year,Yes,2630,152,203,0
863,Male,44,1,50,0,1-2 Year,Yes,35668,65,40,0
864,Male,55,1,46,0,1-2 Year,Yes,31997,152,202,0
865,Female,49,1,41,0,1-2 Year,Yes,2630,26,65,0
866,Male,60,1,28,0,1-2 Year,No,46684,26,280,0
867,Male,21,1,46,1,< 1 Year,No,35733,160,93,0
868,Male,31,1,28,1,< 1 Year,No,24002,152,261,0
869,Female,42,1,3,0,1-2 Year,Yes,43811,154,243,0
870,Female,37,1,28,1,1-2 Year,No,48427,124,176,0
871,Female,40,1,30,1,1-2 Year,No,30719,152,261,0
872,Male,29,1,50,0,< 1 Year,Yes,32200,124,79,0
873,Male,34,1,41,1,1-2 Year,Yes,36264,26,241,0
874,Female,65,1,30,1,1-2 Year,Yes,2630,157,125,0
875,Male,73,1,48,0,1-2 Year,Yes,2630,15,94,0
876,Female,22,1,32,1,< 1 Year,No,35727,152,116,0
877,Male,50,1,28,1,1-2 Year,No,45072,26,65,0
878,Male,30,1,28,1,1-2 Year,Yes,2630,157,127,0
879,Female,52,1,11,0,1-2 Year,Yes,2630,156,195,0
880,Male,63,1,28,1,1-2 Year,Yes,65387,26,146,0
881,Female,47,1,28,1,1-2 Year,No,32752,26,105,0
882,Male,34,1,45,0,1-2 Year,Yes,2630,156,223,1
883,Male,54,1,9,0,> 2 Years,Yes,40603,31,161,1
884,Male,83,1,41,1,1-2 Year,No,40935,124,166,0
885,Male,72,1,28,0,1-2 Year,No,60923,124,179,0
886,Female,25,1,34,0,< 1 Year,Yes,2630,152,46,0
887,Male,57,1,28,0,1-2 Year,Yes,39067,26,134,0
888,Male,54,1,28,0,1-2 Year,Yes,36574,26,66,0
889,Male,24,1,41,1,< 1 Year,No,33243,152,33,0
890,Female,25,1,22,1,< 1 Year,No,29364,152,88,0
891,Female,77,1,3,0,1-2 Year,Yes,40743,26,65,0
892,Female,24,1,8,1,< 1 Year,No,33324,152,83,0
893,Male,45,1,3,1,1-2 Year,Yes,31641,124,183,0
894,Male,26,1,14,1,< 1 Year,No,2630,152,137,0
895,Female,29,1,41,0,< 1 Year,Yes,2630,121,166,1
896,Male,47,1,41,0,1-2 Year,Yes,35297,124,74,1
897,Female,28,1,18,1,< 1 Year,No,38784,152,264,0
898,Male,41,1,45,0,1-2 Year,Yes,26978,25,213,0
899,Male,24,1,28,0,1-2 Year,Yes,50974,124,266,0
900,Male,24,1,6,1,< 1 Year,Yes,29526,152,32,0
901,Female,28,1,2,1,< 1 Year,No,30514,152,65,0
902,Male,24,1,36,0,< 1 Year,No,30983,152,67,0
903,Male,49,1,45,0,1-2 Year,Yes,27937,124,132,0
904,Female,51,1,50,0,< 1 Year,Yes,45869,122,100,0
905,Female,69,1,28,0,1-2 Year,No,46732,13,259,0
906,Female,22,1,36,1,< 1 Year,Yes,2630,160,106,0
907,Male,44,1,28,0,1-2 Year,Yes,35482,26,59,0
908,Male,35,1,27,0,1-2 Year,Yes,22791,156,36,0
909,Male,30,1,38,1,1-2 Year,No,25412,124,175,0
910,Female,36,1,33,0,1-2 Year,Yes,2630,160,180,0
911,Female,21,1,28,0,< 1 Year,Yes,32733,152,145,0
912,Male,72,1,28,0,> 2 Years,Yes,54468,122,129,1
913,Male,22,1,46,1,< 1 Year,No,21470,152,182,0
914,Female,25,1,35,1,< 1 Year,No,31745,152,242,0
915,Male,49,1,7,0,1-2 Year,No,36497,4,252,0
916,Female,31,1,29,1,< 1 Year,No,25259,152,42,0
917,Male,24,1,15,0,< 1 Year,Yes,27709,152,64,0
918,Female,47,1,8,0,1-2 Year,Yes,32305,26,80,0
919,Male,32,1,28,0,1-2 Year,Yes,2630,124,227,1
920,Male,42,1,8,1,1-2 Year,No,28725,26,284,0
921,Female,70,1,6,1,1-2 Year,No,25776,124,105,0
922,Male,59,1,26,1,1-2 Year,No,47831,22,274,0
923,Male,24,1,8,1,< 1 Year,No,29817,152,88,0
924,Male,25,1,15,1,< 1 Year,No,30587,152,49,0
925,Male,37,1,18,0,1-2 Year,Yes,53672,154,32,1
926,Male,22,1,28,1,< 1 Year,No,33860,152,247,0
927,Female,26,1,14,1,< 1 Year,No,42792,152,86,0
928,Female,81,1,28,1,1-2 Year,No,38673,26,36,0
929,Female,64,1,28,0,1-2 Year,Yes,54624,26,17,0
930,Female,31,1,12,0,1-2 Year,Yes,2630,26,186,0
931,Female,51,1,28,0,1-2 Year,Yes,37564,26,252,1
932,Female,25,1,47,0,< 1 Year,Yes,57180,154,205,1
933,Male,25,1,28,1,< 1 Year,No,54611,152,231,0
934,Female,22,1,41,1,< 1 Year,No,21700,152,124,0
935,Female,42,1,15,0,1-2 Year,Yes,27103,124,175,0
936,Female,23,1,36,1,< 1 Year,No,34976,152,100,0
937,Female,66,1,28,0,1-2 Year,Yes,35154,122,160,0
938,Male,64,1,25,0,> 2 Years,Yes,25272,26,91,0
939,Female,43,1,16,1,1-2 Year,No,34518,152,219,0
940,Male,25,1,2,0,< 1 Year,No,27134,152,65,0
941,Male,50,1,28,0,1-2 Year,Yes,26968,122,17,0
942,Male,35,1,8,1,1-2 Year,No,37449,124,70,0
943,Female,42,1,28,0,1-2 Year,Yes,43878,26,59,0
944,Female,25,1,36,0,< 1 Year,Yes,29430,152,271,0
945,Female,22,1,7,0,< 1 Year,Yes,49396,160,133,0
946,Female,42,1,28,1,1-2 Year,No,23211,26,113,0
947,Male,22,1,15,1,< 1 Year,No,38356,152,258,0
948,Female,22,1,37,0,< 1 Year,Yes,30266,160,88,0
949,Male,20,1,36,0,< 1 Year,Yes,41945,160,50,0
950,Female,46,1,26,0,1-2 Year,Yes,2630,157,142,1
951,Female,22,1,45,1,< 1 Year,No,21280,152,45,0
952,Female,22,1,26,1,< 1 Year,No,33459,152,153,0
953,Male,45,1,46,0,1-2 Year,Yes,13895,124,113,0
954,Female,23,1,28,0,< 1 Year,Yes,65093,152,240,0
955,Male,57,1,39,0,1-2 Year,Yes,2630,124,49,0
956,Male,20,1,11,1,< 1 Year,No,29587,160,187,0
957,Male,50,1,15,0,1-2 Year,Yes,33666,124,242,1
958,Female,28,1,30,0,< 1 Year,Yes,30354,26,232,0
959,Male,36,1,29,0,> 2 Years,Yes,28075,156,230,0
960,Female,21,1,45,0,< 1 Year,Yes,27546,160,279,0
961,Female,20,1,30,1,< 1 Year,No,35192,160,25,0
962,Male,23,1,41,1,< 1 Year,No,32978,152,112,0
963,Female,22,1,46,1,< 1 Year,No,59086,152,238,0
964,Male,33,1,15,1,< 1 Year,No,35268,152,268,0
965,Male,35,1,46,0,1-2 Year,Yes,23146,124,268,0
966,Female,25,1,8,1,< 1 Year,No,36341,152,65,0
967,Female,27,1,8,0,< 1 Year,No,42963,152,175,0
968,Male,47,1,3,0,1-2 Year,Yes,24495,7,284,0
969,Female,25,1,12,1,< 1 Year,No,23262,152,69,0
970,Male,33,1,36,0,1-2 Year,Yes,26910,124,31,0
971,Male,34,1,28,0,1-2 Year,Yes,31177,26,103,1
972,Male,52,1,28,0,1-2 Year,Yes,50851,124,285,1
973,Male,32,1,8,1,< 1 Year,No,30505,152,181,0
974,Male,40,1,8,0,1-2 Year,No,49097,26,208,0
975,Male,57,1,46,0,1-2 Year,Yes,2630,11,269,0
976,Female,23,1,46,0,< 1 Year,Yes,47385,152,277,0
977,Male,33,1,10,1,< 1 Year,No,21928,152,58,0
978,Female,67,1,28,0,1-2 Year,Yes,2630,42,138,0
979,Female,33,1,46,0,1-2 Year,Yes,2630,156,116,1
980,Male,48,1,27,0,1-2 Year,Yes,32645,152,182,0
981,Male,35,1,32,0,1-2 Year,Yes,34062,163,236,1
982,Male,38,1,36,0,1-2 Year,Yes,37742,26,295,1
983,Male,24,1,17,1,< 1 Year,No,29625,83,286,0
984,Female,23,1,47,0,< 1 Year,No,29431,151,257,0
985,Male,23,1,16,0,< 1 Year,Yes,2630,152,126,1
986,Female,25,1,46,1,< 1 Year,No,20804,152,204,0
987,Female,23,1,16,1,< 1 Year,No,2630,26,145,0
988,Male,23,1,47,1,< 1 Year,No,31231,152,175,0
989,Male,48,1,3,0,1-2 Year,Yes,32485,124,12,1
990,Female,51,1,28,1,1-2 Year,No,37768,25,69,0
991,Female,43,1,3,0,1-2 Year,Yes,30437,26,208,0
992,Male,66,1,3,1,1-2 Year,No,2630,26,240,0
993,Female,25,1,3,1,< 1 Year,No,22102,152,163,0
994,Female,27,1,10,1,< 1 Year,No,30517,152,125,0
995,Female,58,1,28,0,1-2 Year,Yes,42064,26,163,0
996,Female,25,1,35,1,< 1 Year,No,41195,152,148,0
997,Male,31,1,28,1,< 1 Year,No,38881,152,120,0
998,Male,31,1,41,0,< 1 Year,Yes,18987,152,100,1
999,Female,43,1,28,0,1-2 Year,Yes,55924,26,216,1
1000,Female,21,1,46,1,< 1 Year,No,29298,160,37,0
